DOCS_CONFIG	BOTH_DIFFERENT	INTEGRATION_CONTRACT.md
DOCS_CONFIG	BOTH_DIFFERENT	README.md
DOCS_CONFIG	BOTH_DIFFERENT	backend/.env.example
DOCS_CONFIG	BOTH_DIFFERENT	docs/ACADEMY_DELIVERY_MODE_AUDIT.md
DOCS_CONFIG	BOTH_DIFFERENT	docs/ACADEMY_W_FUNNEL_1_FOUNDATION_REPORT.md
DOCS_CONFIG	BOTH_DIFFERENT	docs/INTEGRATIONS_REPORT.md
DOCS_CONFIG	BOTH_DIFFERENT	frontend/.env.example
DOCS_CONFIG	BOTH_DIFFERENT	frontend/README.md
DOCS_CONFIG	BOTH_DIFFERENT	frontend/package.json
DOCS_CONFIG	BOTH_DIFFERENT	frontend/playwright.config.js
APP_CORE	BOTH_DIFFERENT	backend/.flake8
APP_CORE	BOTH_DIFFERENT	backend/api/__init__.py
APP_CORE	BOTH_DIFFERENT	backend/api/certification.py
APP_CORE	BOTH_DIFFERENT	backend/api/fms.py
APP_CORE	BOTH_DIFFERENT	backend/api/formations.py
APP_CORE	BOTH_DIFFERENT	backend/api/health.py
APP_CORE	BOTH_DIFFERENT	backend/api/learning.py
APP_CORE	BOTH_DIFFERENT	backend/api/missions.py
APP_CORE	BOTH_DIFFERENT	backend/api/onboarding.py
APP_CORE	BOTH_DIFFERENT	backend/api/orgs.py
APP_CORE	BOTH_DIFFERENT	backend/api/progression.py
APP_CORE	BOTH_DIFFERENT	backend/api/quizzes.py
APP_CORE	BOTH_DIFFERENT	backend/badges_engine.py
APP_CORE	BOTH_DIFFERENT	backend/certification/__init__.py
APP_CORE	BOTH_DIFFERENT	backend/certification/models.py
APP_CORE	BOTH_DIFFERENT	backend/certification/service.py
APP_CORE	BOTH_DIFFERENT	backend/db.py
APP_CORE	BOTH_DIFFERENT	backend/infra_indexes.py
APP_CORE	BOTH_DIFFERENT	backend/models.py
APP_CORE	BOTH_DIFFERENT	backend/requirements.txt
APP_CORE	BOTH_DIFFERENT	backend/seed.py
APP_CORE	BOTH_DIFFERENT	backend/server.py
APP_CORE	BOTH_DIFFERENT	backend/services/agent_factory.py
APP_CORE	BOTH_DIFFERENT	backend/services/cartography_2d_runtime.py
APP_CORE	BOTH_DIFFERENT	backend/services/catalogue_importer.py
APP_CORE	BOTH_DIFFERENT	backend/services/frek_core.py
APP_CORE	BOTH_DIFFERENT	backend/services/integrations/registry.py
APP_CORE	BOTH_DIFFERENT	backend/services/integrations/subscribers.py
APP_CORE	BOTH_DIFFERENT	backend/services/notifications.py
APP_CORE	BOTH_DIFFERENT	backend/services/protocol_master_runtime.py
APP_CORE	BOTH_DIFFERENT	backend/skills/models.py
APP_CORE	BOTH_DIFFERENT	frontend/src/App.css
APP_CORE	BOTH_DIFFERENT	frontend/src/App.js
APP_CORE	BOTH_DIFFERENT	frontend/src/components/Layout.js
APP_CORE	BOTH_DIFFERENT	frontend/src/index.css
APP_CORE	BOTH_DIFFERENT	frontend/src/lib/ContextFrame.jsx
APP_CORE	BOTH_DIFFERENT	frontend/src/lib/JourneyHierarchy.jsx
APP_CORE	BOTH_DIFFERENT	frontend/src/lib/RouteTransition.jsx
APP_CORE	BOTH_DIFFERENT	frontend/src/lib/api.js
APP_CORE	BOTH_DIFFERENT	frontend/src/lib/featureFlags.js
APP_CORE	BOTH_DIFFERENT	frontend/src/lib/i18n.jsx
APP_CORE	BOTH_DIFFERENT	frontend/src/lib/motion-primitives.jsx
APP_CORE	BOTH_DIFFERENT	frontend/src/pages/Badges.js
APP_CORE	BOTH_DIFFERENT	frontend/src/pages/Certifications.js
APP_CORE	BOTH_DIFFERENT	frontend/src/pages/Dashboard.js
APP_CORE	BOTH_DIFFERENT	frontend/src/pages/FormationDetail.js
APP_CORE	BOTH_DIFFERENT	frontend/src/pages/Formations.js
APP_CORE	BOTH_DIFFERENT	frontend/src/pages/FrekProfile.js
APP_CORE	BOTH_DIFFERENT	frontend/src/pages/Landing.js
APP_CORE	BOTH_DIFFERENT	frontend/src/pages/Missions.js
APP_CORE	BOTH_DIFFERENT	frontend/src/pages/ModuleJourney.js
APP_CORE	BOTH_DIFFERENT	frontend/src/pages/Onboarding.js
APP_CORE	BOTH_DIFFERENT	frontend/src/pages/Roadmap.js
APP_CORE	BOTH_DIFFERENT	frontend/src/pages/Skills.js
APP_CORE	BOTH_DIFFERENT	frontend/src/pages/admin/AdminDashboard.js
APP_CORE	BOTH_DIFFERENT	frontend/src/pages/jury/JuryDashboard.js
APP_CORE	BOTH_DIFFERENT	frontend/src/pages/trainer/TrainerDashboard.js
APP_CORE	BOTH_DIFFERENT	frontend/yarn.lock
AUTH	BOTH_DIFFERENT	backend/api/auth.py
AUTH	BOTH_DIFFERENT	backend/auth.py
AUTH	BOTH_DIFFERENT	frontend/e2e/auth-guards.spec.js
AUTH	BOTH_DIFFERENT	frontend/e2e/fixtures/auth-fixture.js
AUTH	BOTH_DIFFERENT	frontend/src/lib/auth.jsx
WALLET	BOTH_DIFFERENT	backend/api/wallet.py
WALLET	BOTH_DIFFERENT	backend/wallet/__init__.py
WALLET	BOTH_DIFFERENT	backend/wallet/models.py
WALLET	BOTH_DIFFERENT	backend/wallet/service.py
WALLET	BOTH_DIFFERENT	frontend/src/pages/Wallet.js
FMS	BOTH_DIFFERENT	backend/fms_import/importer.py
TESTS	BOTH_DIFFERENT	backend/tests/test_legal_policy.py
TESTS	BOTH_DIFFERENT	frontend/e2e/README.md
TESTS	BOTH_DIFFERENT	frontend/e2e/formations-discovery.spec.js
TESTS	BOTH_DIFFERENT	frontend/e2e/module-journey-context.spec.js
TESTS	BOTH_DIFFERENT	frontend/e2e/roadmap-progression.spec.js
TESTS	BOTH_DIFFERENT	frontend/src/lib/featureFlags.test.js
FRONTEND_SPATIAL	BOTH_DIFFERENT	docs/ACADEMY_SPATIAL_END_TO_END_ARCHITECTURE.md
FRONTEND_SPATIAL	BOTH_DIFFERENT	docs/SPATIAL_CAMERA_UPGRADE_REPORT.md
FRONTEND_SPATIAL	BOTH_DIFFERENT	docs/SPATIAL_H05_H06_REPORT.md
FRONTEND_SPATIAL	BOTH_DIFFERENT	docs/SPATIAL_H08_CAMERA_FOLLOW_REPORT.md
FRONTEND_SPATIAL	BOTH_DIFFERENT	docs/SPATIAL_H09_FULL_SPATIAL_FEEL_REPORT.md
FRONTEND_SPATIAL	BOTH_DIFFERENT	docs/SPATIAL_H10_PERCEPTUAL_REFINEMENT_REPORT.md
FRONTEND_SPATIAL	BOTH_DIFFERENT	docs/SPATIAL_H1_INTEGRATION_PLAN.md
FRONTEND_SPATIAL	BOTH_DIFFERENT	docs/SPATIAL_UPGRADE_SPEC.md
FRONTEND_SPATIAL	BOTH_DIFFERENT	frontend/src/lib/spatial/attention.js
FRONTEND_SPATIAL	BOTH_DIFFERENT	frontend/src/lib/spatial/attention.test.js
